nimi|tunniste|pääväylä|samakuin|tyyppi
Kemi S /Kemi N luotsipaikka, Kemi 3, Tornio Röyttä (9,0 m)|1|1||perus
KEMI (AJOS): Kemi S / Kemi N luotsipaikka, Kemi 3, Hebe, Kemi Ajos (10,0 m)|2|2||perus
KEMI (VEITSILUOTO): Kemi S / Kemi N luotsipaikka, Kemi 3, Keminkraaseli, Kemi Veitsiluoto (7,0 m)|3|3||perus
Oulu N luotsipaikka, Oulu 1, Hanhikari, Oulu (10,0 m)|5|5||perus
Oulu 1 pohjoinen (6,1 m)|5A1|5||rinnakkais
Oulu S luotsipaikka, Oulu 1, Hanhikari, Oulu (10,0 m)|6|6||perus
Oulu N|6A1|6||rinnakkais
Raahe luotsipaikka, Raahe (10,0 m)|8|8||perus
Lapaluoto (8 m)|8A1|8||rinnakkais
Kalajoki luotsipaikka, Kalajoki (8,5 m)|11|11||perus
Kokkola luotsipaikka, Kokkolan majakka, Kokkola Syväsatama (13,0 m)|12|12||perus
Kokkola luotsipaikka, Kokkolan majakka, Kokkola Kantasatama (9,5 m)|13|13||perus
Pietarsaari luotsipaikka, Pietarsaaren majakka, Pietarsaari (9,0 m)|14|14||perus
Meri, Munsala (7 m)|15|15||perus
Vaasa N luotsipaikka, Vaasa (9,0 m)|16|16||perus
Vaasa S|16A1|16||rinnakkais
Vaasa S luotsipaikka, Vaasa (9,0 m)|17|17||perus
Vaasa N|17A1|17||rinnakkais
Kaskinen luotsipaikka, Kaskinen (9,0 m)|18|18||perus
Kristiinankaupunki luotsipaikka, Kristiinankaupunki Karhusaari (12,0 m)|19|19||perus
Oulu, Hanhikari, Kemi 2, Kemi S luotsipaikka(10,0 m)|7|7||perus
Kemi Ajos, Hebe, Kemi 3, Keminkraaseli, Kemi Veitsiluoto (7,0 m)|4|4||perus
Fräki|4B1|4||vaihtoehto
Nahkiainen, Karjulan reunamerkki, Oulu S luotsipaikka|9|9||perus
Oulu 1, Kemi 1, Kemi S luotsipaikka|10|10||perus
Meri, Merikarvian majakka, Merikarvia (4,5 m)|20|20||perus
Meri, Porin majakka, Pori Tahkoluoto (15,3 m)|21|21||perus
Meri, Kupeli, Pori Tahkoluoto (10,0 m)|22|22||perus
Meri, Kaijakari, Pori Mäntyluoto (6,5 m)|23|23||perus
Pori luotsipaikka, Morris, Pori Mäntyluoto (12,0 m)|24|24||perus
Meri, Eurajoki (6,0 m)|25|25||perus
Meri, Olkiluoto (5,0 m)|26|26||perus
Valkeakari luotsipaikka, Rauma (7,5 m)|27|27||perus
Rihtniemi luotsipaikka, Rauma (10,0 m)|28|28||perus
Isokari NW/Isokari SE luotsipaikka, Isomatala, Uusikaupunki Hepokari (8,5 m)|29|29||perus
Rouskeri|29B1|29||vaihtoehto
Kajakulma|29B2|29||vaihtoehto
Kirsta (4,5 m)|29B3|29||vaihtoehto
Isokari NW/Isokari SE luotsipaikka, Isomatala, Uusikaupunki Yara (10,0 m)|30|30||perus
Rouskeri (8,5 m)|30B1|30||vaihtoehto
Kajakulma (9,0 m)|30B2|30||vaihtoehto
Kirsta (4,5 m)|30B3|30||vaihtoehto
Isokari NW/Isokari SE luotsipaikka, Loukeenkari, Rönngrund, Stora Äggskär pohjoinen, Naantali (10,0 m)|31|31||perus
Stora Äggskär etelä|31A1|31||rinnakkais
Katanpää (9,0 m)|31B1|31||vaihtoehto
Innamo pohjoinen|31B2|31||vaihtoehto
Kyrkogårdsgrund|31B3|31||vaihtoehto
Nyhamn luotsipaikka, Nygrynnan pohjoinen, Rödskär, Prästskär itä, Stockgrund, Gustaf Dalén, Kyrkogårdsgrund, Naantali (8,2 m)|32|32||perus
Kummelskär|32A1|32||rinnakkais
Prästskär länsi (8,0 m)|32A2|32||rinnakkais
Bogskärin etelä|32A3|32||rinnakkais
Innamo etelä|32A4|32||rinnakkais
Kaasluoto|32A5|32||rinnakkais
Stora Äggskär pohjoinen|32A6|32||rinnakkais
Ledsund (7,0 m)|32B1|32||vaihtoehto
Storgrund pohjoinen (5,0 m)|32B2|32||vaihtoehto
Hjulgrund (7,0 m)|32B3|32||vaihtoehto
Korvet|32B4|32||vaihtoehto
Innamo pohjoinen|32B5|32||vaihtoehto
Utö luotsipaikka, Bokullankivi, Tallholm länsipuoli, Kyrkogårdsgrund, Naantali (10,0 m)|33|33||perus
Torvskär|33A1|33||rinnakkais
Tallholm itä|33A2|33||rinnakkais
Innamo etelä|33A3|33||rinnakkais
Kaasluoto (9 m)|33A4|33||rinnakkais
Stora Äggskär pohjoinen|33A5|33||rinnakkais
Innamo pohjoinen|33B1|33||vaihtoehto
Utö luotsipaikka, Kalkskärskobben, Kyrkogårdsgrund, Naantali (15,3 m)|34|34||perus
Hanko S/Hanko N luotsipaikka, Albertsklackarna, Revgrund itä, Vitharuna länsi, Hallonholm, Kirveskari, Naantali (7,5 m)|35|35||perus
Revgrund länsi|35A1|35||rinnakkais
Vitharuna itä|35A2|35||rinnakkais
Orhisaari|35A3|35||rinnakkais
Tulliniemi (7,3 m)|35B1|35||vaihtoehto
Isokari NW/Isokari SE, Loukeenkari, Rönngrund, Stora Äggskär pohjoinen, Perno (9,0 m)|36|36||perus
Stora Äggskär etelä|36A1|36||rinnakkais
Katanpää|36B1|36||vaihtoehto
Innamo pohjoinen|36B2|36||vaihtoehto
Kyrkogårdsgrund|36B3|36||vaihtoehto
Nyhamn, Nygrynnan pohjoinen, Rödskär, Prästskär itä, Stockgrund, Gustaf Dalén, Kyrkogårdsgrund, Perno (8,2 m)|37|37||perus
Kummelskär|37A1|37||rinnakkais
Prästskär länsi (8,0 m)|37A2|37||rinnakkais
Bogskärin etelä|37A3|37||rinnakkais
Innamo etelä|37A4|37||rinnakkais
Kaasluoto|37A5|37||rinnakkais
Stora Äggskär pohjoinen|37A6|37||rinnakkais
Ledsund (7,0 m)|37B1|37||vaihtoehto
Storgrund pohjoinen (5,0 m)|37B2|37||vaihtoehto
Hjulgrund (7,0 m)|37B3|37||vaihtoehto
Korvet|37B4|37||vaihtoehto
Innamo pohjoinen|37B5|37||vaihtoehto
Utö, Bokullankivi, Tallholm länsipuoli, Kyrkogårdsgrund, Perno (9,0 m)|38|38||perus
Torvskär|38A1|38||rinnakkais
Tallholm itä|38A2|38||rinnakkais
Innamo etelä|38A3|38||rinnakkais
Kaasluoto|38A4|38||rinnakkais
Stora Äggskär pohjoinen|38A5|38||rinnakkais
Kalkskärskobben|38B1|38||vaihtoehto
Innamo pohjoinen|38B2|38||vaihtoehto
Hanko S/Hanko N, Albertsklackarna, Revgrund itä, Vitharuna länsi, Hallonholm, Kirveskari, Perno (7,5 m)|39|39||perus
Revgrund länsi|39A1|39||rinnakkais
Vitharuna itä|39A2|39||rinnakkais
Orhisaari|39A3|39||rinnakkais
Tulliniemi (7,3 m)|39B1|39||vaihtoehto
Isokari NW/Isokari SE, Loukeenkari, Rönngrund, Stora Äggskär pohjoinen, Pansio (9,0 m)|40|40||perus
Stora Äggskär etelä|40A1|40||rinnakkais
Katanpää|40B1|40||vaihtoehto
Innamo pohjoinen|40B2|40||vaihtoehto
Kyrkogårdsgrund|40B3|40||vaihtoehto
Nyhamn, Nygrynnan pohjoinen, Rödskär, Prästskär itä, Stockgrund, Gustaf Dalén, Kyrkogårdsgrund, Pansio (8,2 m)|41|41||perus
Kummelskär|41A1|41||rinnakkais
Prästskär länsi (8,0 m)|41A2|41||rinnakkais
Bogskärin etelä|41A3|41||rinnakkais
Innamo etelä|41A4|41||rinnakkais
Kaasluoto|41A5|41||rinnakkais
Stora Äggskär pohjoinen|41A6|41||rinnakkais
Ledsund (7,0 m)|41B1|41||vaihtoehto
Storgrund pohjoinen (5,0 m)|41B2|41||vaihtoehto
Hjulgrund (7,0 m)|41B3|41||vaihtoehto
Korvet|41B4|41||vaihtoehto
Innamo pohjoinen|41B5|41||vaihtoehto
Utö, Bokullankivi, Tallholm länsipuoli, Kyrkogårdsgrund, Pansio (9,0 m)|42|42||perus
Torvskär|42A1|42||rinnakkais
Tallholm itä|42A2|42||rinnakkais
Innamo etelä|42A3|42||rinnakkais
Kaasluoto|42A4|42||rinnakkais
Stora Äggskär pohjoinen|42A5|42||rinnakkais
Innamo pohjoinen|42B1|42||vaihtoehto
Hanko S/Hanko N, Albertsklackarna, Revgrund itä, Vitharuna länsi, Hallonholm, Kirveskari, Pansio (7,5 m)|43|43||perus
Revgrund länsi|43A1|43||rinnakkais
Vitharuna itä|43A2|43||rinnakkais
Orhisaari|43A3|43||rinnakkais
Tulliniemi (7,3 m)|43B1|43||vaihtoehto
Isokari NW/Isokari SE, Loukeenkari, Rönngrund, Stora Äggskär pohjoinen, Turku (10,0 m)|44|44||perus
Stora Äggskär etelä|44A1|44||rinnakkais
Katanpää (9,0 m)|44B1|44||vaihtoehto
Innamo pohjoinen|44B2|44||vaihtoehto
Kyrkogårdsgrund|44B3|44||vaihtoehto
Nyhamn, Nygrynnan pohjoinen, Rödskär, Prästskär itä, Stockgrund, Gustaf Dalén, Kyrkogårdsgrund, Turku (8,2 m)|45|45||perus
Kummelskär|45A1|45||rinnakkais
Prästskär länsi (8,0 m)|45A2|45||rinnakkais
Bogskärin etelä|45A3|45||rinnakkais
Innamo etelä|45A4|45||rinnakkais
Kaasluoto|45A5|45||rinnakkais
Stora Äggskär pohjoinen|45A6|45||rinnakkais
Ledsund (7,0 m)|45B1|45||vaihtoehto
Storgrund pohjoinen (5,0 m)|45B2|45||vaihtoehto
Hjulgrund (7,0 m)|45B3|45||vaihtoehto
Korvet|45B4|45||vaihtoehto
Innamo pohjoinen|45B5|45||vaihtoehto
Utö, Bokullankivi, Tallholm länsipuoli, Kyrkogårdsgrund, Turku (10,0 m)|46|46||perus
Torvskär|46A1|46||rinnakkais
Tallholm itä|46A2|46||rinnakkais
Innamo etelä|46A3|46||rinnakkais
Kaasluoto (9 m)|46A4|46||rinnakkais
Stora Äggskär pohjoinen|46A5|46||rinnakkais
Innamo pohjoinen|46B1|46||vaihtoehto
Hanko S/Hanko N, Albertsklackarna, Revgrund itä, Vitharuna länsi, Hallonholm, Kirveskari, Turku (7,5 m)|47|47||perus
Revgrund länsi|47A1|47||rinnakkais
Vitharuna itä|47A2|47||rinnakkais
Orhisaari|47A3|47||rinnakkais
Tulliniemi (7,3 m)|47B1|47||vaihtoehto
Meri, Gisslan, Eckerö (5,0 m)|48|48||perus
Töllingbådan etelä|48A1|48||rinnakkais
Marhällanin luotsipaikka, Marhällan etelä, Maarianhamina (8,2 m)|49|49||perus
Marhällan pohjoinen|49A1|49||rinnakkais
Korsö|49A2|49||rinnakkais
Lagneskär (6,1 m)|49A3|49||rinnakkais
Korsöfjärden (7,3 m)|49B1|49||vaihtoehto
Meri, Resningarna, Maarianhamina (7,3 m)|50|50||perus
Resningarna pohjoinen (5 m)|50A1|50||rinnakkais
Lagneskär (6,1 m)|50A2|50||rinnakkais
Nyhamn, Rödskär, Prästskär itä, Långnäs (8,0 m)|51|51||perus
Kummelskär|51A1|51||rinnakkais
Prästskär länsi|51A2|51||rinnakkais
Ledsund (7,0 m)|51B1|51||vaihtoehto
Storgrund pohjoinen (5,0 m)|51B2|51||vaihtoehto
Nyhamn, Rödskär, Prästskär itä, Sommarö länsi, Färjsundet (5,2 m)|52|52||perus
Kummelskär|52A1|52||rinnakkais
Prästskär itä|52A2|52||rinnakkais
Sommarö itä (4,2m)|52A3|52||rinnakkais
Ledsund|52B1|52||vaihtoehto
Storgrund pohjoinen (5,0 m)|52B2|52||vaihtoehto
Isokari NW/Isokari SE, Loukeenkari, Rönngrund, Stora Äggskär pohjoinen, Hessund (4,3 m)|53|53||perus
Stora Äggskär etelä|53A1|53||rinnakkais
Katanpää|53B1|53||vaihtoehto
Innamo pohjoinen|53B2|53||vaihtoehto
Nyhamn, Nygrynnan pohjoinen, Rödskär, Prästskär itä, Stockgrund, Gustaf Dalén, Kyrkogårdsgrund, Hessund (4,3m)|54|54||perus
Kummelskär|54A1|54||rinnakkais
Prästskär länsi|54A2|54||rinnakkais
Bogskärin etelä|54A3|54||rinnakkais
Innamo etelä|54A4|54||rinnakkais
Kaasluoto|54A5|54||rinnakkais
Stora Äggskär pohjoinen|54A6|54||rinnakkais
Ledsund|54B1|54||vaihtoehto
Storgrund pohjoinen|54B2|54||vaihtoehto
Hjulgrund|54B3|54||vaihtoehto
Korvet|54B4|54||vaihtoehto
Innamo pohjoinen|54B5|54||vaihtoehto
Utö, Bokullankivi, Tallholm länsi, Kyrkogårdsgrund, Hessund (4,3 m)|55|55||perus
Torvskär|55A1|55||rinnakkais
Tallholm itä|55A2|55||rinnakkais
Innamo etelä|55A3|55||rinnakkais
Kaasluoto|55A4|55||rinnakkais
Stora Äggskär pohjoinen|55A5|55||rinnakkais
Innamo pohjoinen|55B1|55||vaihtoehto
Hanko S/Hanko N, Albertsklackarna, Revgrund itä, Vitharuna länsi, Hallonholm, Kirveskari, Hessund (4,3 m)|56|56||perus
Revgrund länsi|56A1|56||rinnakkais
Vitharuna itä|56A2|56||rinnakkais
Orhisaari|56A3|56||rinnakkais
Tulliniemi|56B1|56||vaihtoehto
Isokari NW/Isokari SE, Loukeenkari, Rönngrund, Stora Äggskär pohjoinen, Orhisaari, Svartholm, Parainen (7,5 m)|57|57||perus
Stora Äggskär etelä|57A1|57||rinnakkais
Katanpää|57B1|57||vaihtoehto
Innamo pohjoinen|57B2|57||vaihtoehto
Kyrkogårdsgrund|57B3|57||vaihtoehto
Keisarinväylä pohjoinen (7,3 m)|57B4|57||vaihtoehto
Nyhamn, Nygrynnan pohjoinen, Rödskär, Prästskär itä, Stockgrund, Gustaf Dalén, Kyrkogårdsgrund, Orhisaari, Svartholm, Parainen (7,5 m)|58|58||perus
Kummelskär|58A1|58||rinnakkais
Prästskär länsi|58A2|58||rinnakkais
Bogskärin etelä|58A3|58||rinnakkais
Innamo etelä|58A4|58||rinnakkais
Kaasluoto|58A5|58||rinnakkais
Stora Äggskär pohjoinen|58A6|58||rinnakkais
Ledsund (7,0 m)|58B1|58||vaihtoehto
Storgrund pohjoinen (5,0 m)|58B2|58||vaihtoehto
Hjulgrund (7,0 m)|58B3|58||vaihtoehto
Korvet|58B4|58||vaihtoehto
Innamo pohjoinen|58B5|58||vaihtoehto
Keisarinväylä länsi (7,3 m)|58B6|58||vaihtoehto
Utö, Bokullankivi etelä, Revgrund länsi, Vitharuna länsi, Hallonholm, Parainen (7,5 m)|59|59||perus
Torvskär|59A1|59||rinnakkais
Bokullankivi pohjoinen|59A2|59||rinnakkais
Revgrund itä|59A3|59||rinnakkais
Vitharuna itä|59A4|59||rinnakkais
Utö, Bokullankivi pohjoinen, Tallholm länsi, Kyrkogårdsgrund, Orhisaari, Svartholm, Parainen (7,5 m|60|60||perus
Torvskär|60A1|60||rinnakkais
Tallholm itä|60A2|60||rinnakkais
Innamo etelä|60A3|60||rinnakkais
Kaasluoto|60A4|60||rinnakkais
Stora Äggskär pohjoinen|60A5|60||rinnakkais
Innamo pohjoinen|60B1|60||vaihtoehto
Keisarinväylä länsi (7,3 m)|60B2|60||vaihtoehto
Hanko S / Hanko N, Albertsklackarna, Revgrund itä, Vitharuna länsi, Hallonholm, Parainen (7,5 m)|61|61||perus
Revgrund länsi|61A1|61||rinnakkais
Vitharuna itä|61A2|61||rinnakkais
Tulliniemi (7,3 m)|61B1|61||vaihtoehto
Isokari NW/Isokari SE, Loukeenkari, Rönngrund, Stora Äggskär pohjoinen, Orhisaari, Hallonholm, Mjösund (5,0 m)|62|62||perus
Stora Äggskär etelä|62A1|62||rinnakkais
Korsholm|62A2|62||rinnakkais
Katanpää|62B1|62||vaihtoehto
Innamo pohjoinen|62B2|62||vaihtoehto
Kyrkogårdsgrund|62B3|62||vaihtoehto
Keisarinväylä|62B4|62||vaihtoehto
Utö, Bokullan kivi, Revgrund länsi, Vitharuna itä, Mjösund (5,0 m)|63|63||perus
Torvskär|63A1|63||rinnakkais
Bokullankivi pohjoinen|63A2|63||rinnakkais
Revgrund itä|63A3|63||rinnakkais
Vitharuna länsi|63A4|63||rinnakkais
Korsholm|63A5|63||rinnakkais
Utö, Bokullan kivi, Tallholm länsi, Kyrkogårdsgrund, Orhisaari, Hallonholm, Mjösund (5,0m)|64|64||perus
Torvskär|64A1|64||rinnakkais
Tallholm itä|64A2|64||rinnakkais
Innamo etelä|64A3|64||rinnakkais
Kaasluoto|64A4|64||rinnakkais
Stora Äggskär pohjoinen|64A5|64||rinnakkais
Korsholm|64A6|64||rinnakkais
Innamo pohjoinen|64B1|64||vaihtoehto
Keisarinväylä|64B2|64||vaihtoehto
Hanko S / Hanko N, Albertsklackarna, Revgrund itä, Vitharuna itä, Mjösund (5,0 m)|65|65||perus
Revgrund länsi|65A1|65||rinnakkais
Vitharuna länsi|65A2|65||rinnakkais
Korsholm|65A3|65||rinnakkais
Tulliniemi|65B1|65||vaihtoehto
Isokari NW/Isokari SE, Loukeenkari, Rönngrund, Stora Äggskär pohjoinen, Orhisaari, Hallonholm, Skinnarvik (7,5 m)|66|66||perus
Stora Äggskär etelä|66A1|66||rinnakkais
Katanpää|66B1|66||vaihtoehto
Innamo pohjoinen|66B2|66||vaihtoehto
Kyrkogårdsgrund|66B3|66||vaihtoehto
Keisarinväylä (7,3 m)|66B4|66||vaihtoehto
Utö, Bokullan kivi, Revgrund länsi, Vitharuna itä, Skinnarvik (7,5 m)|67|67||perus
Torvskär|67A1|67||rinnakkais
Bokullankivi pohjoinen|67A2|67||rinnakkais
Revgrund itä|67A3|67||rinnakkais
Vitharuna länsi|67A4|67||rinnakkais
Utö, Bokullan kivi, Tallholm länsi, Kyrkogårdsgrund, Orhisaari, Hallonholm, Skinnarvik (7,5 m)|68|68||perus
Torvskär|68A1|68||rinnakkais
Tallholm itä|68A2|68||rinnakkais
Innamo etelä|68A3|68||rinnakkais
Kaasluoto|68A4|68||rinnakkais
Stora Äggskär pohjoinen|68A5|68||rinnakkais
Innamo pohjoinen|68B1|68||vaihtoehto
Keisarinväylä (7,3m)|68B2|68||vaihtoehto
Hanko S / Hanko N, Albertsklackarna, Revgrund itä, Vitharuna itä, Skinnarvik (7,5 m)|69|69||perus
Revgrund länsi|69A1|69||rinnakkais
Vitharuna länsi|69A2|69||rinnakkais
Tulliniemi (7,3m)|69B1|69||vaihtoehto
Isokari NW/Isokari SE, Loukeenkari, Rönngrund, Stora Äggskär pohjoinen, Orhisaari, Hallonholm, Norrlångvik (4,2 m)|70|70||perus
Stora Äggskär etelä|70A1|70||rinnakkais
Skinnarvik|70A2|70||rinnakkais
Katanpää|70B1|70||vaihtoehto
Innamo pohjoinen|70B2|70||vaihtoehto
Kyrkogårdsgrund|70B3|70||vaihtoehto
Keisarinväylä|70B4|70||vaihtoehto
Utö, Bokullan kivi, Revgrund länsi, Vitharuna itä, Norrlångvik (4,2 m)|71|71||perus
Torvskär|71A1|71||rinnakkais
Bokullankivi pohjoinen|71A2|71||rinnakkais
Revgrund itä|71A3|71||rinnakkais
Vitharuna länsi|71A4|71||rinnakkais
Skinnarvik|71A5|71||rinnakkais
Utö, Bokullan kivi, Tallholm länsi, Kyrkogårdsgrund, Orhisaari, Hallonholm, Norrlångvik (4,2 m)|72|72||perus
Torvskär|72A1|72||rinnakkais
Tallholm itä|72A2|72||rinnakkais
Innamo etelä|72A3|72||rinnakkais
Kaasluoto|72A4|72||rinnakkais
Stora Äggskär pohjoinen|72A5|72||rinnakkais
Skinnarvik|72A6|72||rinnakkais
Innamo pohjoinen|72B1|72||vaihtoehto
Keisarinväylä|72B2|72||vaihtoehto
Hanko S / Hanko N, Albertsklackarna, Revgrund itä, Vitharuna itä, Norrlångvik (4,2 m)|73|73||perus
Revgrund länsi|73A1|73||rinnakkais
Vitharuna länsi|73A2|73||rinnakkais
Skinnarvik|73A3|73||rinnakkais
Tulliniemi|73B1|73||vaihtoehto
Utö, Bokullankivi, Fläckgrund, Padvagrundet, Taalintehdas (8,0 m)|74|74||perus
Torvskär|74A1|74||rinnakkais
Bokullankivi pohjoinen|74A2|74||rinnakkais
Hanko S / Hanko N, Albertsklackarna, Fläckgrund, Padvagrundet, Taalintehdas (8,0 m)|75|75||perus
Tulliniemi (7,3 m)|75B1|75||vaihtoehto
Utö, Bokullankivi, Fläckgrund, Förby(9,0 m)|76|76||perus
Torvskär|76A1|76||rinnakkais
Bokullankivi pohjoinen|76A2|76||rinnakkais
Hanko S / Hanko N, Albertsklackarna, Fläckgrund, Förby (9,0 m)|77|77||perus
Tulliniemi (7,3 m)|77B1|77||vaihtoehto
Utö, Bokullankivi, Fläckgrund, Strömma (5,1 m)|78|78||perus
Torvskär|78A1|78||rinnakkais
Bokullankivi pohjoinen|78A2|78||rinnakkais
Förby|78A3|78||rinnakkais
Hanko S / Hanko N, Albertsklackarna, Fläckgrund, Strömma (5,1 m)|79|79||perus
Förby|79A1|79||rinnakkais
Tulliniemi|79B1|79||vaihtoehto
Utö, Bokullankivi, Fläckgrund, Strömma, Teijo (4,5 m)|80|80||perus
Torvskär|80A1|80||rinnakkais
Bokullankivi pohjoinen|80A2|80||rinnakkais
Förby|80A3|80||rinnakkais
Hanko S / Hanko N, Albertsklackarna, Fläckgrund, Strömma, Teijo (4,5 m)|81|81||perus
Förby|81A1|81||rinnakkais
Tulliniemi|81B1|81||vaihtoehto
Utö, Bokullankivi, Fläckgrund, Strömma, Salo (4,0 m)|82|82||perus
Torvskär|82A1|82||rinnakkais
Bokullankivi pohjoinen|82A2|82||rinnakkais
Förby|82A3|82||rinnakkais
Teijo|82A4|82||rinnakkais
Hanko S / Hanko N, Albertsklackarna, Fläckgrund, Strömma, Salo (4,0 m)|83|83||perus
Förby|83A1|83||rinnakkais
Teijo|83A2|83||rinnakkais
Tulliniemi|83B1|83||vaihtoehto
Hanko S / Hanko N, Meijerfelt länsi, Hanko Länsisatama (13 m)|84|84||perus
Meijerfelt itä (9,0)|84A1|84||rinnakkais
Russarö (9,0 m)|84A2|84||rinnakkais
Hanko S / Hanko N, Hanko Ulkosatama (7,3 m)|85|85||perus
Russarö|85A1|85||rinnakkais
Meijerfelt länsi|85A2|85||rinnakkais
Granskärsharun|85B1|85||vaihtoehto
Hanko S / Hanko N, Russarö, Hanko Koppnäs Levator (8,0 m)|182|182||perus
Fjärdbådarna|182A1|182||rinnakkais
Tulliniemi|182B1|182||vaihtoehto
Maarianhamina, Korsö, Nyhamn pohjoinen, Nygrynnan pohjoinen, Rödskär, Prästskär itä, Långnäs (8,0 m)|86|86||perus
Nyhamn etelä|86A1|86||rinnakkais
Prästskär länsi|86A2|86||rinnakkais
Koklubb (6,3 m)|86B1|86||vaihtoehto
Pungö (7,3 m)|86B2|86||vaihtoehto
Ledsund (7,0 m)|86B3|86||vaihtoehto
Storgrund pohjoinen (5,0 m)|86B4|86||vaihtoehto
Långnäs, Stockgrund, Gustaf Dalén, Kyrkogårdsgrund, Naantali (8,2 m)|87|87||perus
Bogskär etelä|87A1|87||rinnakkais
Innamo etelä|87A2|87||rinnakkais
Kaasluoto|87A3|87||rinnakkais
Stora Äggskär pohjoinen|87A4|87||rinnakkais
Korvet|87B1|87||vaihtoehto
Innamo pohjoinen|87B2|87||vaihtoehto
Pansio, Naantali (9,0 m)|88|88||perus
Isokari NW /Isokari SE, Loukeenkari, Innamo länsi, Tallholm itä, Bokullan kivi, Utö (10,0 m)|89|89||perus
Tallholm länsi|89A1|89||rinnakkais
Torvskär|89A2|89||rinnakkais
Katanpää (9,0 m)|89B1|89||vaihtoehto
Isokari NW/Isokari SE, Loukeenkari, Rönngrund, Stora Äggskär pohjoinen, Orhisaari, Lillmälö (7,5 m)|90|90||perus
Stora Äggskär etelä|90A1|90||rinnakkais
Katanpää|90B1|90||vaihtoehto
Innamo pohjoinen|90B2|90||vaihtoehto
Kyrkogårdsgrund|90B3|90||vaihtoehto
Keisarinväylä (7,3 m)|90B4|90||vaihtoehto
Lillmälö, Orhisaari, Stora Äggskärin pohjoinen, Rönngrund, Loukeenkari, Isokari NW/Isokari SE (7,5 m)|91|91|90|perus
Stora Äggskär etelä|91A1|91||rinnakkais
Keisarinväylä (7,3 m)|91B1|91||vaihtoehto
Kyrkogårdsgrund|91B2|91||vaihtoehto
Innamo pohjoinen|91B3|91||vaihtoehto
Katanpää|91B4|91||vaihtoehto
Lillmälö, Orhisaari, Kyrkogårdsgrund, Gustaf Dalén, Stockgrund, Prästskär itä, Rödskär, Nygrynnan pohjoinen, Nyhamn (7,5 m)|92|92|95|perus
Stora Äggskär pohjoinen|92A1|92||rinnakkais
Kaasluoto|92A2|92||rinnakkais
Innamo etelä|92A3|92||rinnakkais
Bogskär etelä|92A4|92||rinnakkais
Prästskär länsi|92A5|92||rinnakkais
Kummelskär|92A6|92||rinnakkais
Keisarinväylä (7,3 m)|92B1|92||vaihtoehto
Innamo pohjoinen|92B2|92||vaihtoehto
Korvet|92B3|92||vaihtoehto
Hjulgrund (7,0 m)|92B4|92||vaihtoehto
Storgrund pohjoinen (5,0 m)|92B5|92||vaihtoehto
Ledsund (7,0 m)|92B6|92||vaihtoehto
Lillmälö, Kyrkogårdsgrund, Tallholm länsi, Bokullankivi, Utö (7,5 m)|93|93|99|perus
Stora Äggskär pohjoinen|93A1|93||rinnakkais
Kaasluoto|93A2|93||rinnakkais
Innamo etelä|93A3|93||rinnakkais
Tallholm itä|93A4|93||rinnakkais
Torvskär|93A5|93||rinnakkais
Keisarinväylä (7,3 m)|93B1|93||vaihtoehto
Innamo pohjoinen|93B2|93||vaihtoehto
Lillmälö, Hallonholm, Vitharuna länsi, Revgrund itä, Albertsklackarna, Hanko N/ Hanko S (7,5 m)|94|94|101|perus
Vitharuna itä|94A1|94||rinnakkais
Revgrund länsi|94A2|94||rinnakkais
Koppnäs pohjoinen|94B1|94||vaihtoehto
Koppnäs etelä|94B2|94||vaihtoehto
Tulliniemi (7,3 m)|94B3|94||vaihtoehto
Nyhamn, Nygrynnan pohjoinen, Rödskär, Prästskär itä, Stockgrund, Gustaf Dalén, Kyrkogårdsgrund, Orhisaari, Lillmälö (7,5 m)|95|95||perus
Kummelskär|95A1|95||rinnakkais
Prästskär länsi|95A2|95||rinnakkais
Bogskärin etelä|95A3|95||rinnakkais
Innamo etelä|95A4|95||rinnakkais
Kaasluoto|95A5|95||rinnakkais
Stora Äggskär pohjoinen|95A6|95||rinnakkais
Ledsund (7,0 m)|95B1|95||vaihtoehto
Storgrund pohjoinen (5,0 m)|95B2|95||vaihtoehto
Hjulgrund (7,0 m)|95B3|95||vaihtoehto
Korvet|95B4|95||vaihtoehto
Innamo pohjoinen|95B5|95||vaihtoehto
Keisarinväylä (7,3 m)|95B6|95||vaihtoehto
Nyhamn, Nygrynnan pohjoinen, Rödskär, Prästskär itä, Stockgrund, Gustaf Dalén, Torvskär, Utö (7,3 m)|96|96||perus
Kummelskär|96A1|96||rinnakkais
Prästskär länsi|96A2|96||rinnakkais
Bogskär etelä lyhyt|96A3|96||rinnakkais
Rödskär|96A4|96||rinnakkais
Ledsund (7,0 m)|96B1|96||vaihtoehto
Storgrund pohjoinen (5,0m)|96B2|96||vaihtoehto
Hjulgrund (7,0 m)|96B3|96||vaihtoehto
Utö, Bokullankivi, Tallholm itä, Innamo länsi, Loukeenkari, Isokari SE/Isokari NW (10,0 m)|97|97|89|perus
Torvskär|97A1|97||rinnakkais
Tallholm länsi|97A2|97||rinnakkais
Katanpää (9,0 m)|97B1|97||vaihtoehto
Utö, Torvskär, Gustaf Dalén, Stockgrund, Prästskär itä, Rödskär, Nygrynnan pohjoinen, Nyhamn (7,3 m)|98|98|96|perus
Rödskär|98A1|98||rinnakkais
Bogskär etelä|98A2|98||rinnakkais
Prästskär länsi|98A3|98||rinnakkais
Kummelskär|98A4|98||rinnakkais
Hjulgrund (7,0 m)|96B1|96||vaihtoehto
Storgrund pohjoinen (5,0 m)|96B2|96||vaihtoehto
Ledsund (7,0 m)|96B3|96||vaihtoehto
Utö, Bokullan kivi, Tallholm länsi, Kyrkogårdsgrund, Orhisaari, Lillmälö (7,5 m)|99|99||perus
Torvskär|99A1|99||rinnakkais
Tallholm itä|99A2|99||rinnakkais
Innamo etelä|99A3|99||rinnakkais
Kaasluoto|99A4|99||rinnakkais
Stora Äggskär pohjoinen|99A5|99||rinnakkais
Innamo pohjoinen|99B1|99||vaihtoehto
Keisarinväylä (7,3 m)|99B2|99||vaihtoehto
Utö, Bokullankivi, Vänö, Albertsklackarna, Hanko N/ Hanko S (9,0 m)|100|100|102|perus
Tulliniemi (7,3 m)|100B1|100||vaihtoehto
Hanko N/ Hanko S,  Albertsklackarna,  Revgrund itä, Vitharuna länsi, Hallonholm, Lillmälö (7,5 m)|101|101||perus
Revgrund länsi|101A1|101||rinnakkais
Vitharuna itä|101A2|101||rinnakkais
Tulliniemi (7,3 m)|101B1|101||vaihtoehto
Hanko N/ Hanko S, Albertsklackarna, Vänö, Bokullankivi, Utö (9,0 m)|102|102||perus
Tulliniemi (7,3 m)|102B1|102||vaihtoehto
Hanko S / Hanko N, Inre Västerlandet etelä, Koverhar (9,0 m)|103|103||perus
Inre Västerlandet pohjoinen|103A1|103||rinnakkais
Nybergskan itä|103B1|103||vaihtoehto
Ajax|103B2|103||vaihtoehto
Meri, Ajax, Koverhar (9,0 m)|183|183||perus
Nybergskan itä|183B1|183||vaihtoehto
Hanko S / Hanko N, Inre Västerlandet etelä, Lappohja (9,4 m)|104|104||perus
Inre Västerlandet pohjoinen (9,0 m)|104A1|104||rinnakkais
Koverhar|104A2|104||rinnakkais
Nybergskan itä|104B1|104||vaihtoehto
Ajax|104B2|104||vaihtoehto
Meri, Ajax, Lappohja (9,4 m)|105|105||perus
Koverhar|105A1|105||rinnakkais
Nybergskan itä|105B1|105||vaihtoehto
Hanko S / Hanko N, Inre Västerlandet etelä, Tammisaari (4,6 m)|106|106||perus
Inre Västerlandet pohjoinen|106A1|106||rinnakkais
Nybergskan itä|106B1|106||vaihtoehto
Ajax|106B2|106||vaihtoehto
Meri, Ajax, Tammisaari (4,6 m)|107|107||perus
Nybergskan itä|107B1|107||vaihtoehto
Hanko S / Hanko N, Inre Västerlandet etelä, Pohjankuru (4,9 m)|108|108||perus
Inre Västerlandet pohjoinen|108A1|108||rinnakkais
Tammisaari|108A2|108||rinnakkais
Nybergskan itä|108B1|108||vaihtoehto
Ajax|108B2|108||vaihtoehto
Meri, Ajax, Pohjankuru (4,9 m)|109|109||perus
Tammisaari|109A1|109||rinnakkais
Nybergskan itä|109B1|109||vaihtoehto
Porkkala luotsipaikka , Inkoo (13,0 m)|110|110||perus
Sommarö (10 m)|110A1|110||rinnakkais
Porkkala luotsipaikka, Kantvik (9,2 m)|111|111||perus
Oxhornen itä (9 m)|111B1|111||vaihtoehto
Gråskärsbådan luotsipaikka, Helsinki Länsisatama (10,8 m)|112|112||perus
Koirakari itä (8 m)|112A1|112||rinnakkais
Pihlajasaari itä (8,0 m)|112B1|112||vaihtoehto
Harmaja luotsipaikka, Husunkivi, Pihlajasaari itä, Helsinki Länsisatama (8,9 m)|113|113||perus
Harmaja länsi|113A1|113||rinnakkais
Harmaja luotsipaikka, Kustaanmiekka, Helsinki Eteläsatama (9,3 m)|114|114||perus
Harmaja länsi (9,0 m)|114A1|114||rinnakkais
Katajannokanluoto pohjoinen|114A2|114||rinnakkais
Särkänsalmi (7,9 m)|114B1|114||vaihtoehto
Klippan (6,1 m)|114B2|114||vaihtoehto
Harmaja luotsipaikka, Kustaanmiekka, Helsinki Sompasaari (9,0 m)|115|115||perus
Harmaja länsi|115A1|115||rinnakkais
Laajasalo|115A2|115||rinnakkais
Vuosaari luotsipaikka, Helsinki Vuosaari (11,0 m)|116|116||perus
Pikku Niinisaari länsi (7,0 m)|116B1|116||vaihtoehto
Harmaja luotsipaikka, Helsinki Vuosaari ( 9,0 m)|117|117||perus
Harmaja länsi|117A1|117||rinnakkais
Pikku Niinisaari länsi (7,0 m)|117B1|117||vaihtoehto
Vuosaari luotsipaikka, Kuiva-Hevonen, Kalkkiranta (6,1 m)|118|118||perus
Emäsalo S / Emäsalo N Luotsipaikka, Kalkskär, Kalvö etelä, Limkläpp pohjoinen, Kalkkiranta (6,1 m)|119|119||perus
Brunskär|119B1|119||vaihtoehto
Emäsalo S /Emäsalo N, Brunskär, Sköldvik (15,3 m)|120|120||perus
Kalkskär (9,0 m)|120B1|120||vaihtoehto
Kalvö länsi (7,0 m)|120B2|120||vaihtoehto
Emäsalo S /Emäsalo N, Kalkskär, Sköldvik (9,0 m)|121|121||perus
Brunskär|121B1|121||vaihtoehto
Kalvö länsi (7,0 m)|121B2|121||vaihtoehto
Emäsalo S /Emäsalo N, Brunskär, Tolkkinen (7,2 m)|122|122||perus
Kalkskär|122B1|122||vaihtoehto
Emäsalo S /Emäsalo N, Kalkskär, Tolkkinen (7,2 m)|123|123||perus
Orrengrund, Loviisa Valko (9,5 m)|124|124||perus
Lålätta Ryssgrundet|124B1|124||vaihtoehto
Orrengrund luotsipaikka, Lålätta, Kotka Mussalo (10,0 m)|125|125||perus
Ljusan pohjoinen|125A1|125||rinnakkais
Ljusan etelä (7,3 m)|125B1|125||vaihtoehto
Jänskä (9,0 m)|125B2|125||vaihtoehto
Kotkan majakka luotsipaikka, Viikarinsalmi, Kotka Mussalo (15,3 m)|126|126||perus
Jänskä (9,0 m)|126B1|126||vaihtoehto
Haapasaari luotsipaikka, Viikarinsalmi, Kotka Mussalo (8,0 m)|127|127||perus
Lelleri|127B1|127||vaihtoehto
Rankki itä|127B2|127||vaihtoehto
Havouri länsi|127B3|127||vaihtoehto
Jänskä|127B4|127||vaihtoehto
Orrengrund luotsipaikka, Lålätta, Mussalo, Kotka  Hietanen (10,0 m)|128|128||perus
Ljusan pohjoinen|128A1|128||rinnakkais
Kantasatama (9 m)|128A2|128||rinnakkais
Ljusan etelä|128B1|128||vaihtoehto
Jänskä  (9m)|128B3|128||vaihtoehto
Hietanen etelä (8,5 m)|128B2|128||vaihtoehto
Kotkan majakka luotsipaikka, Viikarinsalmi, Mussalo, Kotka Hietanen (10,0 m)|129|129||perus
Kantasatama (9,0 m)|129A1|129||rinnakkais
Jänskä (9m)|129B1|129||vaihtoehto
Hietanen etelä (8,5 m)|129B2|129||vaihtoehto
Haapasaari luotsipaikka, Viikarinsalmi, Mussalo, Kotka Hietanen (8,0 m)|130|130||perus
Kantasatama|130A1|130||rinnakkais
Lelleri|130B1|130||vaihtoehto
Rankki itä|130B2|130||vaihtoehto
Havouri länsi|130B3|130||vaihtoehto
Havouri itä|130B4|130||vaihtoehto
Jänskä|130B5|130||vaihtoehto
Hietanen etelä|130B6|130||vaihtoehto
Orrengrund luotsipaikka, Lålätta, Mussalo, Ruotsinsalmi, Kotka Halla (6,1 m)|131|131||perus
Ljusan pohjoinen|131A1|131||rinnakkais
Ljusan etelä (7,3 m)|131B1|131||vaihtoehto
Jänskä|131B2|131||vaihtoehto
Kotkan majakka luotsipaikka, Viikarinsalmi, Mussalo, Ruotsinsalmi, Kotka Halla (6,1 m)|132|132||perus
Jänskä|132B1|132||vaihtoehto
Haapasaari, Einonkari, Vehkaluoto, Kotka Halla (6,1 m)|133|133||perus
Orrengrund luotsipaikka, Lålätta, Rankin Kivikari pohjoinen, Merikari etelä, Einonkari, Hamina (8,6 m)|134|134||perus
Ljusan pohjoinen|134A1|134||rinnakkais
Rankin Kivikari etelä|134A2|134||rinnakkais
Sorkka (7,3 m)|134A3|134||rinnakkais
Ljusan etelä|134B1|134||vaihtoehto
Saukko|134B2|134||vaihtoehto
Orrengrund luotsipaikka, Lålätta, Rankin Kivikari pohjoinen, Merikari etelä, Saukko, Hamina (10,0 m)|135|135||perus
Ljusan pohjoinen|135A1|135||rinnakkais
Rankin Kivikari etelä|135A2|135||rinnakkais
Ljusan etelä|135B1|135||vaihtoehto
Einonkari (8,6 m)|135B2|135||vaihtoehto
Kotkan majakka, Kiviletto, Merikari etelä, Einonkari, Hamina (8,6 m)|136|136||perus
Rankin kivikari etelä|136A1|136||rinnakkais
Sorkka (7,3 m)|136A2|136||rinnakkais
Saukko|136B1|136||vaihtoehto
Kotkan majakka, Kiviletto, Merikari etelä, Saukko, Hamina (12,0 m)|137|137||perus
Rankin kivikari etelä|137A1|137||rinnakkais
Einonkari (8,6 m)|137B1|137||vaihtoehto
Enskeri (7,3 m)|137B2|137||vaihtoehto
Haapasaari, Einonkari, Hamina (8,0 m)|138|138||perus
Saukko|138B1|138||vaihtoehto
Santio, Houtere, Hamina (7,3 m)|139|139||perus
Porkkala luotsipaikka, Kytö, Harmaja pohjoinen (9,0 m)|140|140||perus
Harmaja pohjoinen, Kuiva Hevonen, Emäsalo (9,0m)|141|141||perus
Emäsalo, Lålätta (9,0 m)|142|142||perus
Orrengrund, Lålätta, Rankin Kivikari pohjoinen, Merikari etelä, Enskeri, Santio (7,3 m)|143|143||perus
Ljusan pohjoinen|143A1|143||rinnakkais
Rankin Kivikari etelä|143A2|143||rinnakkais
Ljusan etelä|143B1|143||vaihtoehto
Porkkala luotsipaikka, Kytö, Katajaluoto, Kustaanmiekka, Eteläsatama (9,0 m)|144|144||perus
Mussalo, Ruotsinsalmi, Vehkaluoto, Hamina (6,1 m)|145|145||perus
Honkanen|145B1|145||vaihtoehto
Hietanen, Ruotsinsalmi, Vehkaluoto, Hamina (6,1 m)|146|146||perus
Kantasatama|146A1|146||rinnakkais
Honkanen|146B1|146||vaihtoehto
Juustila (Brusnitchnoe), Soskua, Mälkiä (4,35m)|147|147||perus
Juustila (Brusnitchnoe), Soskua, Mustola satama (4,35m)|148|148||perus
Mälkiä, Saunasaari etelä, Lappeenranta Kaukas (4,2 m)|149|149||perus
Saunasaari pohjoinen|149A1|149||rinnakkais
Mälkiä, Saunasaari etelä, Lappeenranta matkustajasatama (4,0 m)|150|150||perus
Saunasaari pohjoinen|150A1|150||rinnakkais
Mälkiä, Saunasaari etelä, Lappeenranta Metsä-Saimaa (4,2 m)|151|151||perus
Saunasaari pohjoinen|151A1|151||rinnakkais
Puumala, Hätinvirta, Rastinluoto pohjoinen, Saunasaari pohjoinen, Lappeenranta Kaukas (4,2 m)|152|152||perus
Rastinluoto etelä|152A1|152||rinnakkais
Saunasaari etelä|152A2|152||rinnakkais
Kaupinsaari (3,0 m)|152B1|152||vaihtoehto
Vetojako|152B2|152||vaihtoehto
Lamposaari (2,4 m)|152B3|152||vaihtoehto
Puumala, Hätinvirta, Rastinluoto pohjoinen, Saunasaari pohjoinen, Lappeenranta matkustajasatama (4,0 m)|153|153||perus
Rastinluoto etelä|153A1|153||rinnakkais
Saunasaari etelä|153A2|153||rinnakkais
Kaupinsaari (3,0 m)|153B1|153||vaihtoehto
Vetojako|153B2|153||vaihtoehto
Lamposaari (2,4 m)|153B3|153||vaihtoehto
Puumala, Hätinvirta, Rastinluoto pohjoinen, Saunasaari pohjoinen, Lappeenranta Metsä-Saimaa (4,2 m)|154|154||perus
Rastinluoto etelä|154A1|154||rinnakkais
Saunasaari etelä|154A2|154||rinnakkais
Kaupinsaari (3,0 m)|154B1|154||vaihtoehto
Vetojako|154B2|154||vaihtoehto
Lamposaari (2,4 m)|154B3|154||vaihtoehto
Mälkiä, Joutseno (4,2 m)|155|155||perus
Saunasaari|155A1|155||rinnakkais
Sotsaari|155A2|155||rinnakkais
Lamposaari (2,4 m)|155B1|155||vaihtoehto
Puumala, Hätinvirta, Rastinluoto pohjoinen, Joutseno (4,2 m)|156|156||perus
Rastinluoto etelä|156A1|156||rinnakkais
Sotsaari|156A2|156||rinnakkais
Kaupinsaari (3,0 m)|156B1|156||vaihtoehto
Vetojako|156B2|156||vaihtoehto
Mälkiä, Imatra (4,2 m)|157|157||perus
Saunasaari|157A1|157||rinnakkais
Sotsaari|157A2|157||rinnakkais
Lamposaari (2,4 m)|157B1|157||vaihtoehto
Puumala, Hätinvirta, Rastinluoto pohjoinen, Imatra (4,2 m)|158|158||perus
Rastinluoto etelä|158A1|158||rinnakkais
Sotsaari|158A2|158||rinnakkais
Kaupinsaari (3,0 m)|158B1|158||vaihtoehto
Vetojako|158B2|158||vaihtoehto
Mälkiä, Rastinluoto pohjoinen, Ristiina Pellos (4,2 m)|159|159||perus
Saunasaari|159A1|159||rinnakkais
Rastinluoto etelä|159A2|159||rinnakkais
Lamposaari (2,4 m)|159B1|159||vaihtoehto
Puumala, Vetojako, Ristiina Pellos (4,2 m)|160|160||perus
Kaupinsaari (3,0 m)|160B1|160||vaihtoehto
Hätinvirta|160B2|160||vaihtoehto
Simuna, Savonlinna Laitaatsilta (4,2 m)|161|161||perus
Simuna, Savonlinna Syväsatama (4,2 m)|162|162||perus
Simuna, Törninpyörä länsi, Savonlinna Matkustajasatama (2,4 m)|163|163||perus
Törninpyörä itä|163B1|163||vaihtoehto
Simuna, Savonlinna Inkilänniemi (4,2 m)|164|164||perus
Vuokala, Puhos (4,2 m)|165|165||perus
Vuokala, Rasinsaari pohjoinen, Joensuu (4,2 m)|166|166||perus
Kuhakivi itä|166A1|166||rinnakkais
Rasinsaari etelä|166A2|166||rinnakkais
Haapavesi, Läpisyöstö länsi, Hölkinsaari pohjoinen, Varkaus Akonniemi (4,2 m)|167|167||perus
Läpisyöstö itä, Kaijaluoto|167A1|167||rinnakkais
Hölkinsaari etelä|167A2|167||rinnakkais
Taipaleen kanava, Varkaus Kosulanniemi (4,2 m)|168|168||perus
Taipaleen kanava, Kuopio Kumpusaari (4,35 m)|169|169||perus
Taipaleen kanava, Kuopio matkustajasatama (3,0 m)|170|170||perus
Taipaleen kanava, Kuopio Kelloniemi (4,35 m)|171|171||perus
Taipaleen kanava, Kuopio Savon sellu (4,35 m)|172|172||perus
Kuopio Kelloniemi|172A1|172||rinnakkais
Taipaleen kanava, Happo itä, Siilinjärvi Kuuslahti (4,2 m)|173|173||perus
Happo länsi, Siilinjärvi Yara|173A1|173||rinnakkais
Taipaleen kanava, Happo itä, Siilinjärvi Yara (4,2 m)|174|174||perus
Happo länsi|174A1|174||rinnakkais
Mälkiä, Rastinluoto pohjoinen, Hätinvirta, Puumala (4,2 m)|175|175||perus
Saunasaari|175A1|175||rinnakkais
Rastinluoto etelä|175A2|175||rinnakkais
Lamposaari (2,4 m)|175B1|175||vaihtoehto
Vetojako|175B2|175||vaihtoehto
Kaupinsaari (3,0 m)|175B3|175||vaihtoehto
Puumala, Jänisselkä, Majursaari länsi, Hankuransaari pohjoinen, Simuna (4,2 m)|176|176||perus
Palkoluoto (2,4 m)|176A1|176||rinnakkais
Majursaari itä|176A2|176||rinnakkais
Harmaaparta (3,0 m)|176B1|176||vaihtoehto
Kolovirta (2,4 m)|176B2|176||vaihtoehto
Mustasaari|176B3|176||vaihtoehto
Vekaran uittoväylä (3,6 m)|176B4|176||vaihtoehto
Hankuransaari etelä (4,2 m)|176B5|176||vaihtoehto
Varisluoto (2,4 m)|176B6|176||vaihtoehto
Simuna, Haapavesi (4,2 m)|177|177||perus
Savonlinna Syväsatama|177A1|177||rinnakkais
Savonlinna Laitaatsilta|177B1|177||vaihtoehto
Savonlinna Matkustajasatama, Törninpyörä länsi|177B2|177||vaihtoehto
Savonlinna Matkustajasatama, Törninpyörä itä|177B3|177||vaihtoehto
Savonlinna Inkilänniemi|177B4|177||vaihtoehto
Haapavesi, Läpisyöstö länsi, Haponlahti, Vuokala (4,2 m)|178|178||perus
Läpisyöstö itä|178A1|178||rinnakkais
Haapavesi, Läpisyöstö länsi, Hölkinsaari pohjoinen, Toivosaari, Tappuvirta, Vuokala (4,2 m)|179|179||perus
Läpisyöstö itä, Kaijaluoto|179A1|179||rinnakkais
Haapavesi, Läpisyöstö länsi, Hölkinsaari pohjoinen, Akonniemi, Taipaleen kanava (4,2 m)|180|180||perus
Läpisyöstö itä, Kaijaluoto|180A1|180||rinnakkais
Hölkinsaari etelä|180A2|180||rinnakkais
Taipaleen kanava, Hölkinsaari pohjoinen, Tappuvirta, Vuokala (4,2 m)|181|181||perus
Onkiluoto|181B1|181||vaihtoehto
Hölkinsaari etelä|181B2|181||vaihtoehto
Linnasaari|181B3|181||vaihtoehto
Haponlahti|181B4|181||vaihtoehto
